Region;Pays;Code;Year;Population;Urbain %;Rural %;Poulet (Kg/personne);Bœuf (Kg/personne);Poissons (Kg/personne);Autres viandes (Kg/personne);Import poulets (1000 têtes);Export poulets (1000 têtes);Import poulets (tonnes);Export poulets (tonnes);Production / Tonnes;Political_Stability;Rank;PIB_par_habitant ($);Disponibilités de matière grasse (g/personne/jour);Disponibilités protéiques (g/personne/jour)
Eastern Mediterranean;Afghanistan;AFG;2019;37769499;25.754;74.246;1.8100002;2.7600002;0.38000003;3.8000005329999995;9067;1;14671.92;321.65;28324;-2.66;188;497.741429257502;40.4;56.3
Europe;Albania;ALB;2019;2854191;61.229;38.771;12.339987;13.369986;8.419991;16.449982300000002;1146;0;19304.04;0.0;13127;0.11;83;5396.2142432843;114.4;113.0
Africa;Algeria;DZA;2019;42705368;73.189;26.811000000000007;6.56;5.26;3.89;8.49;7183;1;0.09;1343.38;273839;-1.04;163;4021.9832660524;93.1;90.0
Africa;Angola;AGO;2019;32353588;66.177;33.82299999999999;9.699999;4.4299994;14.169999;8.69999962;1181;3;253768.53;452.07;49016;-0.36;123;2191.34776373555;56.8;48.9
Americas;Antigua and Barbuda;ATG;2019;92117;24.506;75.494;65.22505;9.699263;55.225803;8.62934446;3;0;6010.01;4.91;26;0.95;27;18730.0047966374;90.6;81.0
Americas;Argentina;ARG;2019;44938712;91.991;8.009;45.160004;48.010002;6.8500004;17.270001399999998;22;0;5088.79;230513.9;2245959;-0.09;99;9963.67416171662;122.8;111.7
Europe;Armenia;ARM;2019;2820602;63.219;36.781;19.619974;26.129963;5.659992;13.63998125;1630;0;42384.6;0.0;12400;-0.41;126;4828.50488626598;100.2;100.0
Western Pacific;Australia;AUS;2019;25334826;86.124;13.876000000000005;48.910004;25.960001;24.820002;38.68000404;0;1246;1861.6;37364.53;1276267;0.91;32;55049.571919719;159.1;110.4
Europe;Austria;AUT;2019;8879920;58.515;41.485;15.700003;16.220001;14.490002;48.8400103;18034;12104;49650.22;48097.77;131680;0.92;31;50067.5857265892;176.1;108.0
Europe;Azerbaijan;AZE;2019;10024283;56.031;43.969;14.269985;12.4099865;2.0299978;8.8199903;291;0;31159.68;795.88;111996;-0.69;142;4805.75371765917;84.7;95.7
Americas;Bahamas;BHS;2019;404557;83.132;16.867999999999995;51.939613;9.589929;27.329798;30.249775460000002;21;0;19656.72;0.0;6432;0.82;38;32279.0113630465;103.7;78.7
Eastern Mediterranean;Bahrain;BHR;2019;1494188;89.394;10.605999999999995;46.97984;14.0499525;20.75993;24.23991811;11;0;57049.79;318.77;8924;-0.63;141;25869.1129129041;0.0;62.0
South-East Asia;Bangladesh;BGD;2019;165516222;37.405;62.595;1.57;1.22;26.58;1.41;4096;0;29.44;0.76;259664;-0.93;158;2122.07839667492;34.7;60.7
Americas;Barbados;BRB;2019;280180;31.158;68.842;50.117672;14.429331;42.61802;13.449375212;0;56;1030.52;117.61;16419;1.05;17;19063.1022913841;94.8;88.0
Europe;Belarus;BLR;2019;9419758;79.044;20.956000000000003;27.099997;19.239998;11.739998;37.719994945;18745;897;6716.95;168937.01;526700;0.33;72;6837.76832136779;132.6;97.7
Europe;Belgium;BEL;2019;11488980;98.041;1.9590000000000032;12.750002;14.500002;24.350002;34.8000044;144515;148437;219622.99;450224.07;447750;0.47;67;46641.7214017087;173.4;101.7
Americas;Belize;BLZ;2019;389095;45.866;54.134;27.35979;4.7599635;17.899862;25.629803239999998;109;0;62.3;0.0;20664;0.06;87;6134.21523305713;96.1;71.3
Africa;Benin;BEN;2019;12290444;47.861;52.139;9.8099985;3.5099993;16.589996;2.13999957;80;0;73568.87;10147.08;15027;-0.41;127;1170.8859954114;56.2;65.4
South-East Asia;Bhutan;BTN;2019;767459;41.612;58.388;4.119962;9.279916;6.379942;2.18998007;29;0;1373.91;168.67;1226;1.08;14;3564.59877168289;0.0;59.5
Europe;Bosnia and Herzegovina;BIH;2019;3360711;48.626;51.374;20.539951;13.969967;7.209983;11.72997131;34645;4839;7462.22;4018.64;67234;-0.42;128;6094.72482322311;88.8;100.7
Africa;Botswana;BWA;2019;2499702;70.172;29.828000000000003;3.4099932;5.5599885;2.429995;13.91997145;1374;0;3936.41;5.9;1412;1.11;11;6691.16105313603;68.3;70.7
Americas;Brazil;BRA;2019;211782878;86.824;13.176000000000002;46.99;37.06;8.13;15.47;1;22200;5029.95;3951371.51;13693515;-0.71;146;8845.32414932264;134.5;93.7
Europe;Bulgaria;BGR;2019;6975761;75.347;24.653000000000006;22.809978;3.9599965;7.029994;33.48997214;2543;26480;100169.29;29045.28;108851;0.58;56;9874.33632625168;115.8;80.7
Africa;Burkina Faso;BFA;2019;20951639;29.98;70.02;9.750001;6.250001;8.900001;19.83000267;1480;0;102.56;0.0;204000;-1.3;166;765.229560401644;66.1;89.1
Africa;Burundi;BDI;2019;11874838;13.366;86.634;0.5500001;1.3400003;2.6000004;1.77000021;11;0;4.7;0.0;9316;-1.62;176;216.972970900616;15.7;41.0
Africa;Cabo Verde;CPV;2019;577030;66.195;33.80500000000001;24.249706;3.0399632;9.6598835;12.29985153;163;0;11487.59;0.0;605;0.87;35;3903.05031683625;67.5;71.0
Western Pacific;Cambodia;KHM;2019;16207746;23.805;76.195;1.7900004;3.890001;44.91001;5.780001705;91;0;30.92;0.0;27487;-0.09;100;1671.3854000919;37.8;64.7
Africa;Cameroon;CMR;2019;25782341;56.968;43.032;3.3599997;3.2199998;19.289999;5.519999500000001;76;0;294.29;0.0;103002;-1.56;174;1538.68791249516;54.9;72.0
Americas;Canada;CAN;2019;37601230;81.482;18.518;40.77999;26.429996;20.869997;26.21999675;27706;3659;137843.19;89776.5;1506792;1.02;22;46374.1527517191;159.8;106.7
Africa;Central African Republic;CAF;2019;5209324;41.77;58.23;3.0899944;19.159966;6.749988;13.039977100000002;0;0;8869.04;0.0;6309;-2.14;181;426.408753120209;58.6;50.0
Africa;Chad;TCD;2019;16126866;23.279;76.721;0.47000006;26.920004;6.7200007;18.08000312;203;0;1602.71;0.0;6449;-1.34;169;701.621201027424;66.3;77.7
Americas;Chile;CHL;2019;19039485;87.643;12.357;38.53001;28.78001;14.830005;24.21000733;644;0;121880.22;122841.58;769172;0.01;92;14632.6903076927;95.8;92.7
Western Pacific;China;CHN;2019;1407745000;60.308;39.692;14.849999;6.2599998;40.0;41.119999670000006;6493;105;1663862.42;468544.59;22390000;-0.26;112;10143.8602205959;103.2;105.1
Americas;Colombia;COL;2019;50187406;81.104;18.896;36.020004;14.750002;9.020001;11.58000102;1087;855;89583.74;346.05;1693178;-0.95;159;6436.50921529527;90.0;72.7
Africa;Comoros;COM;2019;790986;29.164;70.836;1.319995;3.2899873;18.019932;0.709997296;2;0;231.6;0.0;582;-0.15;103;1510.79732262852;59.7;54.7
Africa;Congo (Democratic Republic of the Congo);COD;2019;89906890;45.046;54.954;1.6499999;0.31999996;4.1599994;2.24999982;58;0;56176.36;0.11;10406;-1.59;175;546.212593203883;24.2;29.7
Africa;Congo, Republic of the;COG;2019;5570733;67.373;32.626999999999995;20.10998;2.2999976;24.229973;15.32998367;285;2315;101613.67;815.7;6858;-0.9;155;2715.24310477161;52.1;52.3
Americas;Costa Rica;CRI;2019;5084532;80.076;19.924000000000007;38.18002;12.420007;17.90001;12.970007005;1266;8897;10692.33;499.12;145000;0.45;68;12669.3411549351;104.3;83.3
Africa;Côte d'Ivoire;CIV;2019;26147551;51.239;48.761;2.8700006;1.3700004;22.570005;7.570002000000001;1591;2;663.74;30.75;74097;-1.03;162;2290.78737894927;50.2;62.0
Americas;Cuba;CUB;2019;11316697;77.109;22.891000000000005;28.840004;8.120001;6.0700006;26.370001300000002;0;0;272208.53;57.02;23000;0.6;54;9139.38051005519;76.3;84.0
Europe;Cyprus;CYP;2019;1228836;66.805;33.19499999999999;30.33;7.89;25.03;44.82;338;0;10908.96;630.62;26850;0.56;58;29420.0;120.8;95.0
South-East Asia;Democratic People's Republic of Korea;PRK;2019;25755441;62.134;37.866;1.9499998;0.80999994;11.609999;11.92999915;0;0;128.07;0.0;43711;-0.32;118;17396.0;38.4;53.3
Europe;Denmark;DNK;2019;5814422;87.994;12.006;25.090004;24.690004;23.150003;24.71000324;2316;64337;37402.39;73268.4;158418;1.0;25;59592.9806886454;142.5;113.3
Americas;Dominica;DMA;2019;71428;70.786;29.214;48.389164;9.897782;23.934639;13.59695426;4;0;3779.39;0.0;367;1.07;15;8561.58701121461;81.4;79.7
Americas;Dominican Republic;DOM;2019;10881882;81.828;18.171999999999997;35.00998;6.559996;8.459995;11.07999383;1865;2752;36375.33;7655.72;354713;0.01;93;8173.34469885261;100.4;68.3
Americas;Ecuador;ECU;2019;17343740;63.986;36.014;18.579998;13.299999;6.6899996;14.31999897;2618;0;0.0;0.0;507524;-0.23;109;6233.25816692363;94.2;62.0
Eastern Mediterranean;Egypt;EGY;2019;105618671;42.73;57.27;15.75;9.14;26.19;1.47;2547;3;35507.97;507.49;1642095;-1.11;165;2531.20007864537;60.7;95.3
Americas;El Salvador;SLV;2019;6280217;72.746;27.254000000000005;25.339993;10.519998;7.249998;4.959998594;5648;12192;12314.07;1005.66;146782;-0.11;101;4280.28840404719;64.7;79.0
Europe;Estonia;EST;2019;1326898;69.051;30.948999999999998;21.740017;7.930006;13.090011;37.900030400000006;7443;28;17807.85;7018.73;20288;0.63;52;23424.4847073518;133.0;103.0
Africa;Eswatini;SWZ;2019;1169613;23.981;76.019;6.899941;16.829855;4.229964;4.38996235;285;874;1766.1;91.09;5690;-0.27;114;3818.54048403065;55.5;60.3
Africa;Ethiopia;ETH;2019;114120594;21.225;78.775;0.49;3.35;0.54;3.14;0;0;154.04;0.0;58324;-1.31;167;840.449601255171;29.3;72.7
Western Pacific;Fiji;FJI;2019;918465;56.75;43.25;39.79991;3.649992;29.349936;9.379979299999999;493;0;4538.83;339.08;34708;0.78;41;5927.72420758285;79.1;76.7
Europe;Finland;FIN;2019;5521606;85.446;14.554000000000002;20.580004;17.910004;31.950006;33.53000634;508;7267;4517.18;11112.55;139090;0.85;36;48629.8582283032;137.3;118.0
Europe;France;FRA;2019;67388001;80.709;19.290999999999997;26.03;23.68;33.68;37.239999999999995;21010;103106;386982.33;245613.3;1659455;0.3;74;40494.8982936276;151.9;115.3
Africa;Gabon;GAB;2019;2242785;89.741;10.259;33.81003;6.0600057;32.48003;22.5500206;248;1;66633.26;0.0;4050;-0.07;97;7523.86228077637;54.6;79.7
Africa;Gambia;GMB;2019;2508883;61.931;38.069;10.509992;3.9299967;24.25998;1.62999865;0;0;24688.87;0.0;1180;0.22;77;722.875356284026;57.0;61.7
Europe;Georgia;GEO;2019;3720161;59.039;40.961;19.319979;7.389992;10.599989;12.1899871;890;412;51682.32;4000.97;22800;-0.49;132;4696.15058555612;77.1;82.7
Europe;Germany;DEU;2019;83092962;77.376;22.623999999999995;17.38;14.489999;13.189999;48.3399998;145190;296964;497106.39;302061.52;1543866;0.57;57;46805.1384334439;160.2;105.0
Africa;Ghana;GHA;2019;31522290;56.707;43.293;7.0299993;1.4099997;24.579996;5.2599992;14474;7;150038.91;0.0;69186;0.13;81;2167.92544000869;42.1;63.4
Europe;Greece;GRC;2019;10721582;79.388;20.611999999999995;25.659985;14.93999;21.409986;38.9599768;8739;5514;53627.73;30858.28;230000;0.18;79;19143.8876174584;156.9;105.7
Americas;Grenada;GRD;2019;122724;36.396;63.604;43.58396;5.7592025;31.005705;16.997645888;20;0;6379.93;0.0;508;0.95;28;9887.92074235834;89.1;74.3
Americas;Guatemala;GTM;2019;16604026;51.439;48.561;25.630001;12.330001;3.5300004;4.510000529999999;11537;3327;130383.62;2425.97;342169;-0.57;137;4647.80754129437;61.1;68.3
Africa;Guinea;GIN;2019;12877539;36.5;63.5;2.6800008;8.870002;11.490003;3.06000054;2213;0;38784.67;24.94;11192;-0.84;151;1043.89988618266;68.8;57.3
Africa;Guinea-Bissau;GNB;2019;1970457;43.777;56.223;3.05;3.66;1.18;8.44;3;0;2834.42;0.0;2967;-0.56;135;730.611432270196;58.7;43.7
Americas;Guyana;GUY;2019;798753;26.689;73.311;49.379322;4.1899424;25.619648;6.56990961;99;0;127.91;0.0;38729;-0.25;111;6477.29672607993;65.7;90.3
Americas;Haiti;HTI;2019;11160438;56.192;43.808;9.819999;4.35;5.0999994;4.929999759999999;2889;0;94655.16;0.0;9216;-0.89;154;1345.4750547884;43.2;46.0
Americas;Honduras;HND;2019;9958829;57.73;42.27;22.729996;6.3599987;4.689999;6.229998984;2004;628;10844.14;719.76;215734;-0.58;139;2519.36618467309;87.9;61.7
Europe;Hungary;HUN;2019;9771141;71.644;28.355999999999995;27.330002;6.1100006;6.2900004;51.72000502;26367;117883;51086.13;112248.68;531680;0.77;43;16786.2136399075;152.5;88.7
Europe;Iceland;ISL;2019;360563;93.855;6.144999999999996;31.628508;16.389227;90.02576;42.707987200000005;0;0;1208.86;0.06;9908;1.64;1;68452.23622306;172.7;143.3
South-East Asia;India;IND;2019;1383112050;34.472;65.52799999999999;3.1699998;1.04;8.1;0.85;77;81;53.82;5118.44;4387710;-0.77;149;2050.1638002619;60.0;65.7
South-East Asia;Indonesia;IDN;2019;269582878;55.985;44.015;14.71;2.91;45.09;1.4300000000000002;1223;289;0.0;332.11;3975488;-0.49;133;4151.22755440796;66.3;68.3
Eastern Mediterranean;Iran (Islamic Republic of);IRN;2019;86564202;75.391;24.608999999999995;24.799997;7.3799996;12.249999;3.359999794;458;1433;4213.44;2535.0;2395272;-1.71;179;3850.75125293224;80.8;82.7
Eastern Mediterranean;Iraq;IRQ;2019;41563520;70.678;29.322000000000003;14.804236;3.0706353;2.9848635;1.7926335;607;30;451248.76;1440.09;148208;-2.6;187;5621.18169491752;67.6;64.3
Europe;Ireland;IRL;2019;4934340;63.405;36.595;28.109995;19.429996;20.449997;34.0499939;8129;15032;61195.67;73557.91;153990;0.97;26;80848.3019020489;153.3;115.7
Europe;Israel;ISR;2019;9054000;92.501;7.498999999999995;69.47999;31.679993;23.309994;3.1799990969999996;424;0;0.0;897.1;617084;-0.79;150;44452.2325623093;146.1;126.6
Europe;Italy;ITA;2019;59729081;70.736;29.263999999999996;19.629997;17.449999;29.269997;38.63999477;7216;13525;51265.86;95450.23;1357885;0.4;70;33673.7509627421;149.5;105.3
Americas;Jamaica;JAM;2019;2813773;55.985;44.015;57.849876;5.3999887;27.71994;4.309990713;279;26;21369.04;1154.19;134299;0.4;71;5626.17047314286;78.6;75.7
Western Pacific;Japan;JPN;2019;126633000;91.698;8.302000000000007;19.82;9.79;44.69;22.430000000000003;467;0;562923.89;9374.9;2297896;1.03;20;40415.9567649547;90.6;87.3
Eastern Mediterranean;Jordan;JOR;2019;10698683;91.203;8.796999999999997;21.959995;7.6199985;4.939999;4.559998977999999;108;40;55700.52;9833.29;184836;-0.26;113;4159.6537537759;93.1;64.3
Europe;Kazakhstan;KAZ;2019;18513673;57.54;42.46;19.91;25.94;3.76;22.9;299;24;170925.81;11109.56;222728;-0.17;106;9812.59552626324;130.8;104.0
Africa;Kenya;KEN;2019;50951450;27.507;72.493;1.7499999;6.4499993;3.0099998;4.37999986;699;27;379.64;17.47;88718;-1.1;164;1970.08007048615;47.7;60.0
Western Pacific;Kiribati;KIR;2019;124241;54.835;45.165;21.387934;2.3997684;77.09255;11.698869165000001;7;0;1496.4;0.0;951;1.13;10;1410.01464320535;118.5;72.7
Eastern Mediterranean;Kuwait;KWT;2019;4441100;100.0;0.0;45.74995;11.679987;14.129985;15.739983130000002;156;0;139256.28;632.92;61187;0.19;78;30666.2371314234;109.7;102.3
Europe;Kyrgyzstan;KGZ;2019;6456200;36.591;63.409;5.899997;15.569993;0.88999957;12.7899953;30;2;30348.03;0.0;9514;-0.24;110;1451.51563835807;70.1;85.0
Western Pacific;Lao People’s Democratic Republic;LAO;2019;7212053;35.645;64.35499999999999;5.7999935;8.129991;26.31997;13.479984577;906;735;1050.21;60.0;37812;0.52;64;2598.50552320723;49.1;76.3
Africa;Lesotho;LSO;2019;2225702;28.585;71.41499999999999;0.8999959;1.5999928;2.889987;6.76996915;1450;0;1218.43;0.0;298;-0.42;129;1061.22335618067;46.1;59.3
Africa;Liberia;LBR;2019;4985289;51.615;48.385;10.65;0.61;4.36;7.29;9;0;34672.92;356.85;14073;-0.33;120;665.878447568436;46.9;40.7
Eastern Mediterranean;Libya;LBY;2019;6569088;80.393;19.607;31.100023;3.050002;20.700016;7.450005543;6;0;40085.33;0.0;124280;-2.57;186;10542.4290201042;90.8;69.0
Europe;Lithuania;LTU;2019;2794137;67.855;32.144999999999996;29.16997;5.4599943;28.55997;47.77994885;4843;1614;37307.07;45387.19;99658;0.78;42;19615.5491450175;117.4;124.7
Europe;Luxembourg;LUX;2019;620001;91.223;8.777000000000001;19.269657;29.089483;32.63942;36.28935474;91;93;8087.01;391.88;0;1.35;5;112726.439672814;145.2;108.7
Africa;Madagascar;MDG;2019;27533134;37.861;62.139;3.1099997;1.3599999;3.9799995;1.44999987;502;17;0.0;0.0;85726;-0.32;119;512.27966560241;22.2;39.0
Africa;Malawi;MWI;2019;18867337;17.174;82.826;5.59;2.93;10.09;17.02;20;57;247.02;72.11;133508;-0.28;116;584.362867276266;52.4;71.0
Western Pacific;Malaysia;MYS;2019;32804020;76.607;23.393;51.309994;7.379999;53.969994;8.699998898;1473;55294;72375.01;10498.58;1655293;0.14;80;11132.1027429418;103.4;78.7
Africa;Mali;MLI;2019;20567424;43.136;56.864;2.3399987;4.179998;8.979995;4.2999978599999995;160;563;1073.94;11.4;54602;-2.2;182;840.175746366299;51.7;77.6
Europe;Malta;MLT;2019;504062;94.678;5.322000000000003;22.839275;18.409414;32.14898;24.9692066;0;0;5649.08;1.63;3990;1.02;23;31727.0070746362;127.1;107.0
Africa;Mauritania;MRT;2019;4383849;54.507;45.493;6.2699957;6.629996;8.709994;19.1999877;0;0;30983.02;0.0;4002;-0.57;138;1800.87518658218;65.8;82.7
Africa;Mauritius;MUS;2019;1265985;40.766;59.234;40.719875;6.60998;28.879911;8.52997407;196;402;229.56;25.71;51094;0.81;39;11403.2527870674;95.6;87.3
Americas;Mexico;MEX;2019;125085311;80.444;19.555999999999997;37.19;15.19;14.05;20.639999999999997;1977;0;972877.06;0.0;3493490;-0.84;152;10434.5783651735;104.3;91.3
Western Pacific;Mongolia;MNG;2019;3232430;68.543;31.456999999999994;4.349993;24.719961;1.0999984;81.7598734;0;0;13204.98;0.0;470;0.63;53;4394.94715044543;132.6;102.7
Europe;Montenegro;MNE;2019;622028;67.15;32.849999999999994;15.839926;15.039929;15.519927;51.709758466;233;238;8082.05;0.53;1670;0.07;86;8909.6538759126;140.9;112.7
Eastern Mediterranean;Morocco;MAR;2019;36304408;62.994;37.006;23.350002;8.100001;18.720001;7.060000601;4545;2;2054.36;205.13;732000;-0.34;121;3498.58276367188;74.2;99.7
Africa;Mozambique;MOZ;2019;30285595;36.528;63.472;4.4599996;0.56999993;13.869999;3.069999788;903;0;21292.55;4.16;111648;-0.75;148;512.21576378384;40.8;45.3
South-East Asia;Myanmar;MMR;2019;53040212;30.852;69.148;29.79;9.11;41.18;21.759999999999998;16075;17;267.67;28.0;611255;-1.33;168;1415.37967619462;94.0;96.7
Africa;Namibia;NAM;2019;2446644;51.042;48.958;9.019971;3.0599897;11.709961;13.699955300000001;3320;0;35154.72;25210.09;16166;0.53;63;5126.17614281673;56.8;65.0
Western Pacific;Nauru;NRU;2019;12132;100.0;0.0;50.052715;30.404829;45.42264;39.2059643;0;0;556.4;0.0;4;0.77;44;10316.5278229326;0.0;65.9
South-East Asia;Nepal;NPL;2019;28832496;20.153;79.84700000000001;2.49;9.75;3.55;4.11;1780;0;22.41;0.15;63251;-0.45;130;1185.68231817311;61.8;75.0
Western Pacific;New Zealand;NZL;2019;4979200;86.615;13.385000000000005;27.369984;17.60999;25.669983;42.0199714;0;2348;16.1;14595.59;227674;1.41;4;42796.4305818389;119.3;96.0
Americas;Nicaragua;NIC;2019;6663924;58.76;41.24;20.170002;2.4000003;6.640001;5.640001061;9983;0;6132.54;36.04;139508;-1.0;161;1905.63832831484;64.8;67.0
Africa;Niger;NER;2019;23443393;16.517;83.483;1.1599995;2.459999;1.9199992;4.399997969999999;267;0;2648.38;0.0;19665;-1.41;171;549.81612778082;53.7;83.7
Africa;Nigeria;NGA;2019;203304492;51.157;48.843;1.2399999;1.6199999;8.809999;4.45999985;174;38;10655.22;0.37;294651;-1.92;180;2334.02364318105;57.8;59.0
Europe;North Macedonia;MKD;2019;2076694;58.208;41.792;19.850046;8.75002;6.7700157;13.3000304;164;0;37438.64;489.19;1490;0.0;94;6070.38805358275;109.0;85.0
Europe;Norway;NOR;2019;5347896;82.616;17.384;20.21998;17.319983;50.66995;30.6899696;0;0;767.27;89.52;106844;1.17;8;76430.5889473338;137.3;116.7
Eastern Mediterranean;Oman;OMN;2019;4602768;85.443;14.557000000000002;25.480005;9.140002;30.880007;15.810003750000002;82;63;124027.84;15204.62;6700;0.59;55;19132.1522739094;83.5;86.0
Eastern Mediterranean;Pakistan;PAK;2019;223293280;36.907;63.093;6.8;9.65;1.49;3.27;826;5593;42.45;3940.12;1523069;-2.27;183;1437.1658330724;80.5;67.0
Americas;Panama;PAN;2019;4232532;68.059;31.941000000000003;56.45989;16.499968;15.689969;17.599966192;1431;623;13675.09;303.56;208968;0.3;75;16472.8317470488;95.5;87.0
Western Pacific;Papua New Guinea;PNG;2019;9542486;13.25;86.75;3.8599992;0.8299998;13.699997;54.309987799999995;178;0;24062.89;0.0;6644;-0.7;145;2593.77555393227;57.8;63.3
Americas;Paraguay;PRY;2019;6530026;61.879;38.121;11.010001;23.230001;5.1500006;9.16000107;11555;0;0.0;5705.64;76824;-0.01;95;5807.83879407975;89.0;71.3
Americas;Peru;PER;2019;32824861;78.099;21.900999999999996;43.79999;4.3899994;27.219995;6.7399992;95;10;54868.98;48.85;1762855;-0.15;104;6955.88082448096;63.2;90.7
Western Pacific;Philippines;PHL;2019;110380804;47.149;52.851;16.74;3.52;28.85;16.11;72;2;301082.41;1028.32;1508883;-0.92;156;3413.84904430419;54.6;66.7
Europe;Poland;POL;2019;37965475;60.037;39.963;29.970001;1.07;11.23;53.570004014;98059;68061;55257.26;920485.36;2567684;0.56;59;15700.0135796738;130.3;107.7
Europe;Portugal;PRT;2019;10286263;65.764;34.236000000000004;31.289997;21.749998;59.409992;43.7799958;12359;42947;45572.53;19222.97;350250;1.07;16;23330.817288932;144.0;117.7
Eastern Mediterranean;Qatar;QAT;2019;2807235;99.188;0.8119999999999976;54.329964;10.289992;23.369984;14.6899894;492;0;124644.12;0.0;27000;0.7;47;62827.3969543275;0.0;67.1
Western Pacific;Republic of Korea;KOR;2019;51764822;81.43;18.569999999999993;20.949999;19.279999;55.669994;40.579996964;625;12;141686.3;46889.44;951213;0.55;61;33447.1562836166;123.6;97.7
Europe;Republic of Moldova;MDA;2019;2664224;42.726;57.274;21.382824;2.341369;14.425854;23.422081135;2219;0;18567.47;63.39;43511;-0.39;125;4404.95042249597;75.1;69.3
Europe;Romania;ROU;2019;19371648;54.084;45.916;23.459997;4.26;8.01;38.16999469;114260;20131;90501.64;69172.71;507106;0.56;60;12957.9991142218;126.1;107.0
Africa;Rwanda;RWA;2019;12835028;17.313;82.687;1.4900001;2.7000003;4.6000004;4.2800004;368;38;0.5;0.5;19844;0.06;88;806.100820273159;27.0;57.6
Americas;Saint Kitts and Nevis;KNA;2019;47712;30.799;69.201;57.295174;5.746507;35.668316;21.5868783;12;0;3560.24;0.0;0;0.72;46;23204.9705641255;105.8;70.7
Americas;Saint Lucia;LCA;2019;178583;18.754;81.246;32.897423;9.909224;33.66736;22.2682541;61;0;3416.19;0.0;1404;0.91;33;11773.4274818992;76.9;87.7
Americas;Saint Vincent and the Grenadines;VCT;2019;104924;52.614;47.386;80.33469;11.617785;19.416298;15.49704513;5;0;7323.8;0.0;455;0.95;29;8680.25110238522;94.0;88.3
Western Pacific;Samoa;WSM;2019;211905;18.056;81.944;78.838135;5.2998753;45.628925;16.659607610000002;115;0;17322.9;15.07;304;1.16;9;4308.3007294066;121.7;87.3
Africa;Sao Tome and Principe;STP;2019;214599;73.598;26.402;18.158985;1.6899056;27.588459;5.219708046;112;0;3108.44;0.0;766;0.51;65;1924.40814952173;66.5;54.7
Eastern Mediterranean;Saudi Arabia;SAU;2019;35827362;84.065;15.935000000000002;39.439995;5.2399993;11.409998;7.1499989;152;548;635651.52;33659.56;800467;-0.61;140;23405.7060995766;102.7;89.4
Africa;Senegal;SEN;2019;16000781;47.653;52.347;7.3099985;5.319999;17.809996;5.1899992;237;25;2.72;31.38;116491;0.05;89;1462.67835252138;71.5;63.7
Europe;Serbia;SRB;2019;6945235;56.26;43.74;16.58001;8.420005;7.910004;48.500026005;23465;34224;9811.31;6621.52;113577;-0.07;98;7417.20660836868;89.9;87.0
Africa;Seychelles;SYC;2019;97625;57.119;42.881;34.744675;13.487932;52.591938;17.117376338;50;0;2964.39;23.69;754;0.68;50;16851.1197648771;95.4;98.0
Africa;Sierra Leone;SLE;2019;8046828;42.484;57.516;5.45;1.41;25.28;3.05;153;0;19016.68;0.0;19489;-0.05;96;506.606913779078;51.4;49.7
Europe;Slovenia;SVN;2019;2088385;54.822;45.178;28.669931;14.529964;12.999969;30.819926799999998;6026;2001;14324.27;19436.97;70000;0.81;40;26042.4463468032;115.1;97.3
Western Pacific;Solomon Islands;SLB;2019;674993;24.21;75.78999999999999;6.809899;2.169968;36.129467;5.9099125599999995;8;0;3217.26;0.0;285;0.51;66;2398.77305007963;56.4;50.6
Africa;South Africa;ZAF;2019;58087055;66.856;33.144000000000005;37.5;17.66;6.59;7.93;522;6392;459494.95;43549.11;1821257;-0.27;115;6702.52661666304;90.7;79.7
Europe;Spain;ESP;2019;47134837;80.565;19.435000000000002;33.18;13.31;40.42;58.2;49326;27278;95461.05;174117.49;1630610;0.31;73;29581.5185513299;153.6;110.3
South-East Asia;Sri Lanka;LKA;2019;21803000;18.585;81.41499999999999;8.599998;1.1599997;29.379993;0.159999973;510;211;140.58;3674.74;224026;-0.22;108;4082.69404871533;52.2;68.3
Eastern Mediterranean;Sudan;SDN;2019;43232093;34.936;65.064;1.7399999;8.02;1.17;10.7699993;595;0;279.56;0.0;75000;-1.7;178;748.010925292969;70.1;74.7
Americas;Suriname;SUR;2019;600301;66.095;33.905;49.249588;5.6399527;17.469854;8.75992641;0;0;18463.56;120.78;12184;0.1;84;6690.04478601228;77.3;66.0
Europe;Sweden;SWE;2019;10278887;87.708;12.292000000000002;15.939997;23.359997;31.469994;30.64999365;650;6401;52713.43;24977.75;158180;1.04;18;51939.4297445291;133.0;108.0
Europe;Switzerland;CHE;2019;8575280;73.849;26.150999999999996;16.809994;19.089993;16.139994;30.409989000000003;407;1855;30900.15;476.5;100335;1.32;6;84121.9310304414;158.8;96.7
Eastern Mediterranean;Syrian Arab Republic;SYR;2019;20098251;54.821;45.179;7.229999;2.6099997;1.8999997;6.42999948;21834;0;12816.63;24.04;124996;-2.73;189;1124.52055370091;94.5;76.1
Europe;Tajikistan;TJK;2019;9337003;27.309;72.691;2.0799983;23.44998;0.6599995;7.82999327;2531;1;5995.1;1.05;16270;-0.52;134;889.023371804416;80.4;80.3
South-East Asia;Thailand;THA;2019;71307763;50.692;49.308;12.299998;1.6499997;28.779997;12.259997983;1284;16237;1750.51;309399.47;1800799;-0.48;131;7628.57603307351;67.3;63.0
South-East Asia;Timor-Leste;TLS;2019;1280438;30.947;69.053;9.099986;1.8199971;6.6099896;11.879981359999999;2155;0;5845.48;0.0;1132;0.23;76;1583.07860279061;56.9;49.0
Africa;Togo;TGO;2019;8243094;42.248;57.752;8.059998;0.8199997;9.379996;4.5999981000000005;549;0;22985.28;44.62;21522;-0.92;157;848.304534594506;61.1;56.7
Americas;Trinidad and Tobago;TTO;2019;1519955;53.187;46.813;54.399643;6.569957;18.469877;9.109939704;43;0;17340.27;102.08;51413;0.1;85;15642.4067190576;88.8;84.7
Eastern Mediterranean;Tunisia;TUN;2019;12049314;69.254;30.745999999999995;16.819986;4.1699967;13.359989;5.679995792;1207;0;1255.02;1375.64;229461;-0.87;153;3477.83618091653;102.0;99.7
Europe;Türkiye;TUR;2019;82579440;75.63;24.370000000000005;20.639997;12.939999;5.5599995;1.5299998979999998;1359;23358;44003.42;480968.34;2201881;-1.37;170;9215.44087472889;125.9;110.7
Europe;Turkmenistan;TKM;2019;6158420;52.048;47.952;5.7599964;26.489983;2.5799983;22.169986715;405;0;14396.33;39.67;23758;-0.19;107;7344.88020350303;74.9;89.3
Africa;Uganda;UGA;2019;42949080;24.361;75.639;1.6000001;3.8800004;15.270001;4.0900002;201;213;280.0;254.06;67942;-0.69;143;823.024732902811;44.0;46.0
Europe;Ukraine;UKR;2019;44386203;69.473;30.527;26.55;7.4700003;13.580001;18.09000002;32229;0;123035.73;414037.65;1381400;-1.42;172;3661.45776367188;85.9;87.7
Eastern Mediterranean;United Arab Emirates;ARE;2019;9211657;86.789;13.210999999999999;35.21;8.89;26.7;11.42;1291;1545;669021.74;52327.58;44930;0.69;49;45376.1708381558;124.2;82.7
Europe;United Kingdom of Great Britain and Northern Ireland;GBR;2019;66836327;83.652;16.348;34.219997;17.189999;18.199999;30.659997;40206;22816;378688.15;318307.83;1932090;0.54;62;42662.5353740311;143.0;103.7
Africa;United Republic of Tanzania;TZA;2019;59872579;34.5;65.5;0.80999994;7.659999;7.1199994;1.82999974;828;1599;4590.77;0.0;42327;-0.37;124;1050.93176269531;54.4;59.7
Americas;United States of America;USA;2019;328329953;82.459;17.540999999999997;57.469997;37.119995;22.539999;31.7599979;1820;67586;60508.12;3342729.32;22899942;0.13;82;65120.3946628653;181.7;116.3
Americas;Uruguay;URY;2019;3428409;95.426;4.573999999999998;21.059986;28.299982;9.219995;21.589986500000002;134;0;1220.72;2532.39;71651;1.04;19;18098.361548609;113.4;89.0
Europe;Uzbekistan;UZB;2019;33580350;50.433;49.567;2.7400002;29.860004;4.0900006;6.270000420000001;1785;1097;19715.89;175.74;114900;-0.28;117;1795.20176845657;91.2;102.4
Western Pacific;Vanuatu;VUT;2019;304404;25.394;74.606;15.409291;8.5196085;31.618546;13.35938458;16;0;3692.53;0.0;677;1.02;24;3076.58988588361;105.9;65.0
Americas;Venezuela (Bolivarian Republic of);VEN;2019;28971683;88.24;11.760000000000005;16.749996;12.439997;10.009998;5.0599989;0;0;32550.0;0.0;452765;-1.54;173;18224.7;65.3;75.0
Western Pacific;Viet Nam;VNM;2019;95776716;36.628;63.372;13.900001;3.6100001;40.200005;26.01000305;4927;510;254408.67;22110.18;1144553;0.03;91;3491.09140990663;78.5;86.7
Eastern Mediterranean;Yemen;YEM;2019;31546691;37.273;62.727;10.459998;2.4099998;2.6699996;4.269999589999999;216;0;45664.81;0.0;187289;-2.77;190;701.714868602042;42.4;53.0
Africa;Zambia;ZMB;2019;18380477;44.072;55.928;2.7200005;9.460001;13.070002;4.2900006;857;1284;22926.27;8565.28;49548;-0.11;102;1268.12094056241;49.2;54.3
Africa;Zimbabwe;ZWE;2019;15354608;32.21;67.78999999999999;4.470001;40.98001;2.0200005;4.8300013;318;485;1353.12;0.0;114516;-0.96;160;1421.86859613585;63.3;54.7
